group,workload,arm,target_count,experiment_count,n,median,min,max,q1,q3,iqr,units,record_ids
chunk_resident,original_three_experiments,chunk1,18141,3,5,1.4380618780000987,1.424956998000198,1.4472799580003084,1.4349283179999475,1.4448468479999974,0.009918530000049941,seconds,p2-003;p2-005;p2-007;p2-012;p2-014
chunk_resident,original_three_experiments,chunk256,18141,3,5,5.053049218999604,4.933186911999655,5.072781467999903,5.04419186899986,5.053816718999769,0.009624849999909202,seconds,p2-001;p2-006;p2-008;p2-010;p2-015
chunk_resident,original_three_experiments,chunk64,18141,3,5,5.068634887999906,5.038339158999861,5.080719887999749,5.048133749000044,5.074731757999871,0.02659800899982656,seconds,p2-002;p2-004;p2-009;p2-011;p2-013
matched_resident,original_three_experiments,B3,18141,3,5,6.366501654000331,5.289098675000332,6.579938899999888,5.912832063000224,6.53275843099982,0.6199263679995966,seconds,p2-017;p2-018;p2-021;p2-022;p2-025
matched_resident,original_three_experiments,C0,18141,3,5,0.9292960109996784,0.9244217120003668,0.9353941619997386,0.926632101999985,0.9297598620000826,0.0031277600000976236,seconds,p2-016;p2-019;p2-020;p2-023;p2-024
original_request,original_three_experiments,A,18141,3,5,65.17207109900005,64.97980797299988,65.29966734399977,65.14494058199989,65.2663673080001,0.12142672600020887,seconds,p2-066;p2-067;p2-068;p2-069;p2-070
pilot_oracle,32_synthetic_performance_experiments,A,1024,32,1,3.8700659850001102,3.8700659850001102,3.8700659850001102,3.8700659850001102,3.8700659850001102,0.0,seconds,p2-072
pilot_oracle,one_original_experiment,A,1024,1,1,3.863207574000171,3.863207574000171,3.863207574000171,3.863207574000171,3.863207574000171,0.0,seconds,p2-071
pilot_resident,32_synthetic_performance_experiments,B3,1024,32,5,0.41359112100008133,0.399454001000322,0.4171529109999028,0.41194010099980005,0.41672084100036955,0.0047807400005694944,seconds,p2-084;p2-085;p2-088;p2-089;p2-092
pilot_resident,32_synthetic_performance_experiments,C0,1024,32,5,0.15452804699998524,0.15427546599994457,0.15582850700002382,0.15452040700029102,0.15491794600029607,0.0003975390000050538,seconds,p2-083;p2-086;p2-087;p2-090;p2-091
pilot_resident,one_original_experiment,B3,1024,1,5,0.3979030320001584,0.3940242710000348,0.40243902100019113,0.3968771810000362,0.398312451000038,0.0014352700000017649,seconds,p2-074;p2-075;p2-078;p2-079;p2-082
pilot_resident,one_original_experiment,C0,1024,1,5,0.07499516899997616,0.07281513899988568,0.07619514900034119,0.07449234799969418,0.07534118799958378,0.0008488399998896057,seconds,p2-073;p2-076;p2-077;p2-080;p2-081
process_first_output,original_three_experiments,historical_c0,18141,3,3,87.106980389,86.778281505,87.52369784099983,86.942630947,87.31533911499992,0.37270816799991735,seconds,p2-055;p2-059;p2-063
process_first_output,original_three_experiments,packed_load,18141,3,3,62.064298172000235,61.69138709699973,62.11269715300023,61.877842634499984,62.08849766250023,0.2106550280002466,seconds,p2-052;p2-056;p2-065
process_first_output,original_three_experiments,packed_mmap,18141,3,3,63.32870304900007,62.94257518700033,63.42425725699968,63.1356391180002,63.376480152999875,0.24084103499967568,seconds,p2-051;p2-060;p2-064
process_first_output,original_three_experiments,source_python_fast,18141,3,3,56.618331174000105,56.20550545800006,57.19214322800008,56.41191831600008,56.90523720100009,0.49331888500000787,seconds,p2-054;p2-058;p2-062
process_first_output,original_three_experiments,source_rust,18141,3,3,100.88015480100012,99.66384420399982,101.0061495519999,100.27199950249997,100.9431521765,0.6711526740000409,seconds,p2-053;p2-057;p2-061
standalone_resident,original_three_experiments,historical_c0,18141,3,5,0.9311926619998303,0.9264641019999544,0.9355713520003519,0.9304883720001271,0.934102590999828,0.0036142189997008245,seconds,p2-026;p2-027;p2-028;p2-029;p2-030
standalone_resident,original_three_experiments,packed_load,18141,3,5,1.3547527939999782,1.340134783999929,1.356392994000089,1.3532994940001117,1.3560621040001024,0.002762609999990673,seconds,p2-031;p2-032;p2-033;p2-034;p2-035
standalone_resident,original_three_experiments,packed_mmap,18141,3,5,1.416301086999738,1.403087986999708,1.4202062469998964,1.4121615369999745,1.4172513270000309,0.005089790000056382,seconds,p2-036;p2-037;p2-038;p2-039;p2-040
standalone_resident,original_three_experiments,source_python_fast,18141,3,5,5.777371277999919,5.760054077999939,6.568567223000173,5.768826838000223,6.342274207000173,0.5734473689999504,seconds,p2-041;p2-042;p2-043;p2-044;p2-045
standalone_resident,original_three_experiments,source_rust,18141,3,5,1.4363877619998675,1.4300792819999515,1.4417352619998383,1.4340964220000387,1.439691331999711,0.005594909999672382,seconds,p2-046;p2-047;p2-048;p2-049;p2-050
