id,run_id,group,workload,arm,target_count,experiment_count,repetition_or_trial,wall_seconds,correctness_relation,source,record_number
p2-001,phase2,chunk_resident,original_three_experiments,chunk256,18141,3,0,5.072781467999903,direct_fresh_original,chunk_comparison/timings.jsonl,1
p2-002,phase2,chunk_resident,original_three_experiments,chunk64,18141,3,0,5.068634887999906,direct_fresh_original,chunk_comparison/timings.jsonl,2
p2-003,phase2,chunk_resident,original_three_experiments,chunk1,18141,3,0,1.4472799580003084,direct_fresh_original,chunk_comparison/timings.jsonl,3
p2-004,phase2,chunk_resident,original_three_experiments,chunk64,18141,3,1,5.080719887999749,direct_fresh_original,chunk_comparison/timings.jsonl,4
p2-005,phase2,chunk_resident,original_three_experiments,chunk1,18141,3,1,1.424956998000198,direct_fresh_original,chunk_comparison/timings.jsonl,5
p2-006,phase2,chunk_resident,original_three_experiments,chunk256,18141,3,1,4.933186911999655,direct_fresh_original,chunk_comparison/timings.jsonl,6
p2-007,phase2,chunk_resident,original_three_experiments,chunk1,18141,3,2,1.4349283179999475,direct_fresh_original,chunk_comparison/timings.jsonl,7
p2-008,phase2,chunk_resident,original_three_experiments,chunk256,18141,3,2,5.04419186899986,direct_fresh_original,chunk_comparison/timings.jsonl,8
p2-009,phase2,chunk_resident,original_three_experiments,chunk64,18141,3,2,5.038339158999861,direct_fresh_original,chunk_comparison/timings.jsonl,9
p2-010,phase2,chunk_resident,original_three_experiments,chunk256,18141,3,3,5.053049218999604,direct_fresh_original,chunk_comparison/timings.jsonl,10
p2-011,phase2,chunk_resident,original_three_experiments,chunk64,18141,3,3,5.048133749000044,direct_fresh_original,chunk_comparison/timings.jsonl,11
p2-012,phase2,chunk_resident,original_three_experiments,chunk1,18141,3,3,1.4380618780000987,direct_fresh_original,chunk_comparison/timings.jsonl,12
p2-013,phase2,chunk_resident,original_three_experiments,chunk64,18141,3,4,5.074731757999871,direct_fresh_original,chunk_comparison/timings.jsonl,13
p2-014,phase2,chunk_resident,original_three_experiments,chunk1,18141,3,4,1.4448468479999974,direct_fresh_original,chunk_comparison/timings.jsonl,14
p2-015,phase2,chunk_resident,original_three_experiments,chunk256,18141,3,4,5.053816718999769,direct_fresh_original,chunk_comparison/timings.jsonl,15
p2-016,phase2,matched_resident,original_three_experiments,C0,18141,3,0,0.9353941619997386,direct_fresh_original,historical_pair/timings.jsonl,1
p2-017,phase2,matched_resident,original_three_experiments,B3,18141,3,0,5.912832063000224,direct_fresh_original,historical_pair/timings.jsonl,2
p2-018,phase2,matched_resident,original_three_experiments,B3,18141,3,1,5.289098675000332,direct_fresh_original,historical_pair/timings.jsonl,3
p2-019,phase2,matched_resident,original_three_experiments,C0,18141,3,1,0.9292960109996784,direct_fresh_original,historical_pair/timings.jsonl,4
p2-020,phase2,matched_resident,original_three_experiments,C0,18141,3,2,0.926632101999985,direct_fresh_original,historical_pair/timings.jsonl,5
p2-021,phase2,matched_resident,original_three_experiments,B3,18141,3,2,6.366501654000331,direct_fresh_original,historical_pair/timings.jsonl,6
p2-022,phase2,matched_resident,original_three_experiments,B3,18141,3,3,6.53275843099982,direct_fresh_original,historical_pair/timings.jsonl,7
p2-023,phase2,matched_resident,original_three_experiments,C0,18141,3,3,0.9244217120003668,direct_fresh_original,historical_pair/timings.jsonl,8
p2-024,phase2,matched_resident,original_three_experiments,C0,18141,3,4,0.9297598620000826,direct_fresh_original,historical_pair/timings.jsonl,9
p2-025,phase2,matched_resident,original_three_experiments,B3,18141,3,4,6.579938899999888,direct_fresh_original,historical_pair/timings.jsonl,10
p2-026,phase2,standalone_resident,original_three_experiments,historical_c0,18141,3,0,0.934102590999828,linked_to_first_output,lifecycle/historical_c0_0/resident_timings.jsonl,1
p2-027,phase2,standalone_resident,original_three_experiments,historical_c0,18141,3,1,0.9355713520003519,linked_to_first_output,lifecycle/historical_c0_0/resident_timings.jsonl,2
p2-028,phase2,standalone_resident,original_three_experiments,historical_c0,18141,3,2,0.9264641019999544,linked_to_first_output,lifecycle/historical_c0_0/resident_timings.jsonl,3
p2-029,phase2,standalone_resident,original_three_experiments,historical_c0,18141,3,3,0.9304883720001271,linked_to_first_output,lifecycle/historical_c0_0/resident_timings.jsonl,4
p2-030,phase2,standalone_resident,original_three_experiments,historical_c0,18141,3,4,0.9311926619998303,linked_to_first_output,lifecycle/historical_c0_0/resident_timings.jsonl,5
p2-031,phase2,standalone_resident,original_three_experiments,packed_load,18141,3,0,1.356392994000089,linked_to_first_output,lifecycle/packed_load_0/resident_timings.jsonl,1
p2-032,phase2,standalone_resident,original_three_experiments,packed_load,18141,3,1,1.3532994940001117,linked_to_first_output,lifecycle/packed_load_0/resident_timings.jsonl,2
p2-033,phase2,standalone_resident,original_three_experiments,packed_load,18141,3,2,1.3560621040001024,linked_to_first_output,lifecycle/packed_load_0/resident_timings.jsonl,3
p2-034,phase2,standalone_resident,original_three_experiments,packed_load,18141,3,3,1.340134783999929,linked_to_first_output,lifecycle/packed_load_0/resident_timings.jsonl,4
p2-035,phase2,standalone_resident,original_three_experiments,packed_load,18141,3,4,1.3547527939999782,linked_to_first_output,lifecycle/packed_load_0/resident_timings.jsonl,5
p2-036,phase2,standalone_resident,original_three_experiments,packed_mmap,18141,3,0,1.4121615369999745,linked_to_first_output,lifecycle/packed_mmap_0/resident_timings.jsonl,1
p2-037,phase2,standalone_resident,original_three_experiments,packed_mmap,18141,3,1,1.416301086999738,linked_to_first_output,lifecycle/packed_mmap_0/resident_timings.jsonl,2
p2-038,phase2,standalone_resident,original_three_experiments,packed_mmap,18141,3,2,1.4202062469998964,linked_to_first_output,lifecycle/packed_mmap_0/resident_timings.jsonl,3
p2-039,phase2,standalone_resident,original_three_experiments,packed_mmap,18141,3,3,1.403087986999708,linked_to_first_output,lifecycle/packed_mmap_0/resident_timings.jsonl,4
p2-040,phase2,standalone_resident,original_three_experiments,packed_mmap,18141,3,4,1.4172513270000309,linked_to_first_output,lifecycle/packed_mmap_0/resident_timings.jsonl,5
p2-041,phase2,standalone_resident,original_three_experiments,source_python_fast,18141,3,0,5.777371277999919,linked_to_first_output,lifecycle/source_python_fast_0/resident_timings.jsonl,1
p2-042,phase2,standalone_resident,original_three_experiments,source_python_fast,18141,3,1,6.568567223000173,linked_to_first_output,lifecycle/source_python_fast_0/resident_timings.jsonl,2
p2-043,phase2,standalone_resident,original_three_experiments,source_python_fast,18141,3,2,6.342274207000173,linked_to_first_output,lifecycle/source_python_fast_0/resident_timings.jsonl,3
p2-044,phase2,standalone_resident,original_three_experiments,source_python_fast,18141,3,3,5.768826838000223,linked_to_first_output,lifecycle/source_python_fast_0/resident_timings.jsonl,4
p2-045,phase2,standalone_resident,original_three_experiments,source_python_fast,18141,3,4,5.760054077999939,linked_to_first_output,lifecycle/source_python_fast_0/resident_timings.jsonl,5
p2-046,phase2,standalone_resident,original_three_experiments,source_rust,18141,3,0,1.4417352619998383,linked_to_first_output,lifecycle/source_rust_0/resident_timings.jsonl,1
p2-047,phase2,standalone_resident,original_three_experiments,source_rust,18141,3,1,1.4340964220000387,linked_to_first_output,lifecycle/source_rust_0/resident_timings.jsonl,2
p2-048,phase2,standalone_resident,original_three_experiments,source_rust,18141,3,2,1.4300792819999515,linked_to_first_output,lifecycle/source_rust_0/resident_timings.jsonl,3
p2-049,phase2,standalone_resident,original_three_experiments,source_rust,18141,3,3,1.439691331999711,linked_to_first_output,lifecycle/source_rust_0/resident_timings.jsonl,4
p2-050,phase2,standalone_resident,original_three_experiments,source_rust,18141,3,4,1.4363877619998675,linked_to_first_output,lifecycle/source_rust_0/resident_timings.jsonl,5
p2-051,phase2,process_first_output,original_three_experiments,packed_mmap,18141,3,0,62.94257518700033,direct_fresh_original,lifecycle/timings.jsonl,1
p2-052,phase2,process_first_output,original_three_experiments,packed_load,18141,3,0,61.69138709699973,direct_fresh_original,lifecycle/timings.jsonl,2
p2-053,phase2,process_first_output,original_three_experiments,source_rust,18141,3,0,99.66384420399982,direct_fresh_original,lifecycle/timings.jsonl,3
p2-054,phase2,process_first_output,original_three_experiments,source_python_fast,18141,3,0,56.20550545800006,direct_fresh_original,lifecycle/timings.jsonl,4
p2-055,phase2,process_first_output,original_three_experiments,historical_c0,18141,3,0,86.778281505,direct_fresh_original,lifecycle/timings.jsonl,5
p2-056,phase2,process_first_output,original_three_experiments,packed_load,18141,3,1,62.11269715300023,direct_fresh_original,lifecycle/timings.jsonl,6
p2-057,phase2,process_first_output,original_three_experiments,source_rust,18141,3,1,100.88015480100012,direct_fresh_original,lifecycle/timings.jsonl,7
p2-058,phase2,process_first_output,original_three_experiments,source_python_fast,18141,3,1,56.618331174000105,direct_fresh_original,lifecycle/timings.jsonl,8
p2-059,phase2,process_first_output,original_three_experiments,historical_c0,18141,3,1,87.52369784099983,direct_fresh_original,lifecycle/timings.jsonl,9
p2-060,phase2,process_first_output,original_three_experiments,packed_mmap,18141,3,1,63.32870304900007,direct_fresh_original,lifecycle/timings.jsonl,10
p2-061,phase2,process_first_output,original_three_experiments,source_rust,18141,3,2,101.0061495519999,direct_fresh_original,lifecycle/timings.jsonl,11
p2-062,phase2,process_first_output,original_three_experiments,source_python_fast,18141,3,2,57.19214322800008,direct_fresh_original,lifecycle/timings.jsonl,12
p2-063,phase2,process_first_output,original_three_experiments,historical_c0,18141,3,2,87.106980389,direct_fresh_original,lifecycle/timings.jsonl,13
p2-064,phase2,process_first_output,original_three_experiments,packed_mmap,18141,3,2,63.42425725699968,direct_fresh_original,lifecycle/timings.jsonl,14
p2-065,phase2,process_first_output,original_three_experiments,packed_load,18141,3,2,62.064298172000235,direct_fresh_original,lifecycle/timings.jsonl,15
p2-066,phase2,original_request,original_three_experiments,A,18141,3,0,65.2663673080001,direct_fresh_original,original_full/timings.jsonl,1
p2-067,phase2,original_request,original_three_experiments,A,18141,3,1,65.17207109900005,direct_fresh_original,original_full/timings.jsonl,2
p2-068,phase2,original_request,original_three_experiments,A,18141,3,2,64.97980797299988,direct_fresh_original,original_full/timings.jsonl,3
p2-069,phase2,original_request,original_three_experiments,A,18141,3,3,65.14494058199989,direct_fresh_original,original_full/timings.jsonl,4
p2-070,phase2,original_request,original_three_experiments,A,18141,3,4,65.29966734399977,direct_fresh_original,original_full/timings.jsonl,5
p2-071,phase2,pilot_oracle,one_original_experiment,A,1024,1,,3.863207574000171,original_workload_oracle,workload_expansion/pilot/original_timings.jsonl,1
p2-072,phase2,pilot_oracle,32_synthetic_performance_experiments,A,1024,32,,3.8700659850001102,original_workload_oracle,workload_expansion/pilot/original_timings.jsonl,2
p2-073,phase2,pilot_resident,one_original_experiment,C0,1024,1,0,0.07534118799958378,direct_fresh_original,workload_expansion/pilot/timings.jsonl,1
p2-074,phase2,pilot_resident,one_original_experiment,B3,1024,1,0,0.398312451000038,direct_fresh_original,workload_expansion/pilot/timings.jsonl,2
p2-075,phase2,pilot_resident,one_original_experiment,B3,1024,1,1,0.3968771810000362,direct_fresh_original,workload_expansion/pilot/timings.jsonl,3
p2-076,phase2,pilot_resident,one_original_experiment,C0,1024,1,1,0.07449234799969418,direct_fresh_original,workload_expansion/pilot/timings.jsonl,4
p2-077,phase2,pilot_resident,one_original_experiment,C0,1024,1,2,0.07619514900034119,direct_fresh_original,workload_expansion/pilot/timings.jsonl,5
p2-078,phase2,pilot_resident,one_original_experiment,B3,1024,1,2,0.3979030320001584,direct_fresh_original,workload_expansion/pilot/timings.jsonl,6
p2-079,phase2,pilot_resident,one_original_experiment,B3,1024,1,3,0.40243902100019113,direct_fresh_original,workload_expansion/pilot/timings.jsonl,7
p2-080,phase2,pilot_resident,one_original_experiment,C0,1024,1,3,0.07499516899997616,direct_fresh_original,workload_expansion/pilot/timings.jsonl,8
p2-081,phase2,pilot_resident,one_original_experiment,C0,1024,1,4,0.07281513899988568,direct_fresh_original,workload_expansion/pilot/timings.jsonl,9
p2-082,phase2,pilot_resident,one_original_experiment,B3,1024,1,4,0.3940242710000348,direct_fresh_original,workload_expansion/pilot/timings.jsonl,10
p2-083,phase2,pilot_resident,32_synthetic_performance_experiments,C0,1024,32,0,0.15452040700029102,direct_fresh_original,workload_expansion/pilot/timings.jsonl,11
p2-084,phase2,pilot_resident,32_synthetic_performance_experiments,B3,1024,32,0,0.399454001000322,direct_fresh_original,workload_expansion/pilot/timings.jsonl,12
p2-085,phase2,pilot_resident,32_synthetic_performance_experiments,B3,1024,32,1,0.41672084100036955,direct_fresh_original,workload_expansion/pilot/timings.jsonl,13
p2-086,phase2,pilot_resident,32_synthetic_performance_experiments,C0,1024,32,1,0.15452804699998524,direct_fresh_original,workload_expansion/pilot/timings.jsonl,14
p2-087,phase2,pilot_resident,32_synthetic_performance_experiments,C0,1024,32,2,0.15427546599994457,direct_fresh_original,workload_expansion/pilot/timings.jsonl,15
p2-088,phase2,pilot_resident,32_synthetic_performance_experiments,B3,1024,32,2,0.41359112100008133,direct_fresh_original,workload_expansion/pilot/timings.jsonl,16
p2-089,phase2,pilot_resident,32_synthetic_performance_experiments,B3,1024,32,3,0.41194010099980005,direct_fresh_original,workload_expansion/pilot/timings.jsonl,17
p2-090,phase2,pilot_resident,32_synthetic_performance_experiments,C0,1024,32,3,0.15491794600029607,direct_fresh_original,workload_expansion/pilot/timings.jsonl,18
p2-091,phase2,pilot_resident,32_synthetic_performance_experiments,C0,1024,32,4,0.15582850700002382,direct_fresh_original,workload_expansion/pilot/timings.jsonl,19
p2-092,phase2,pilot_resident,32_synthetic_performance_experiments,B3,1024,32,4,0.4171529109999028,direct_fresh_original,workload_expansion/pilot/timings.jsonl,20
